bID,Name,Primary Use,Floors,Year Acquired,Perimeter,Area,Footprint,Centroid,Outline
0,Barletta,Athletic Facility,3,1954,342,23438.77741,6269,"[-71.08961267153299, 42.33939817882002]","[[-71.09010522135948, 42.33945414538503], [-71.0894312441978, 42.33961441293181], [-71.08941240484747, 42.33958854477849], [-71.08921968848793, 42.33966579292275], [-71.08912429969514, 42.33953481508912], [-71.08916147540265, 42.339519913050566], [-71.08913442102718, 42.3394827621211], [-71.08904066963365, 42.33952034197689], [-71.08883938374703, 42.33924395355398], [-71.08993274182643, 42.3388056814503], [-71.0901745621863, 42.339137721823356], [-71.0901333609947, 42.339154237567655], [-71.0902831114081, 42.339359856217385], [-71.09009226682164, 42.339436358046854], [-71.09010522135948, 42.33945414538503]]"
1,Behrakis,Classroom/Admin.,9,2002,157,11573.02118,1301,"[-71.09127803788142, 42.33694616695695]","[[-71.09116002488207, 42.336814694250414], [-71.09116014045482, 42.33680356703765], [-71.09116074379327, 42.33679244696116], [-71.09116182995638, 42.336781347507824], [-71.09116340008147, 42.33677028038551], [-71.0911663996399, 42.33675489693906], [-71.09134296091442, 42.33680053393775], [-71.09134971934951, 42.33678370717368], [-71.09183589586677, 42.33696651024108], [-71.09180543899716, 42.337117399265935], [-71.0914465808354, 42.337073836889665], [-71.09143391446086, 42.3370721758505], [-71.09142134137342, 42.33707016222653], [-71.09140888097687, 42.337067797887414], [-71.09139654781517, 42.33706508558569], [-71.09138436370131, 42.337062029900444], [-71.09137234194846, 42.337058636280744], [-71.09136050194853, 42.33705490839675], [-71.0913488594416, 42.33705085170628], [-71.09133743258855, 42.337046472575906], [-71.09132623592188, 42.337041775558916], [-71.09131528637177, 42.33703676971844], [-71.09130459847024, 42.33703145960765], [-71.09129418792837, 42.337025855185765], [-71.09128407169358, 42.33701996281509], [-71.09127426063462, 42.33701379063701], [-71.09126476924293, 42.33700734950663], [-71.09125561446015, 42.33700064668663], [-71.091246805924, 42.33699369301487], [-71.09123835813195, 42.33698649844618], [-71.0912302807389, 42.33697907111758], [-71.09122258822482, 42.3369714236848], [-71.0912152902331, 42.336963566085416], [-71.09120839518788, 42.33695550915293], [-71.09120191756905, 42.33694726554308], [-71.09119586094114, 42.33693884697233], [-71.09119023736868, 42.336930264287254], [-71.09118505525815, 42.33692153102211], [-71.09118065729648, 42.336913322715205], [-71.09117646221087, 42.33690263752278], [-71.09117273612974, 42.33689185856689], [-71.09116948142143, 42.33688099485897], [-71.09116670286402, 42.33687005811985], [-71.09116440158331, 42.33685906185797], [-71.09116258116126, 42.336848015089025], [-71.09116124515657, 42.33683693042978], [-71.09116039227402, 42.33682582047978], [-71.09116002488207, 42.336814694250414]]"
2,Cabot,Athletic Facility,3,1954,175,23438.77741,1694,"[-71.08976901714604, 42.33964392478397]","[[-71.0894312441978, 42.33961441293181], [-71.09010522135948, 42.33945414538503], [-71.09024470248653, 42.33964566040027], [-71.08963267348858, 42.33989099227096], [-71.0894312441978, 42.33961441293181]]"
3,Cargill,Classroom/Admin.,1,1982,96,2636.380528,512,"[-71.09155799898984, 42.33894276566179]","[[-71.09145966869492, 42.338928757840364], [-71.0914430410314, 42.33890473656119], [-71.09142848287772, 42.33890545097538], [-71.09139536789115, 42.33886048880544], [-71.0915087204447, 42.33881453733363], [-71.09154773119946, 42.33886750331323], [-71.09160127630457, 42.338845797510345], [-71.09174021462337, 42.33888704542106], [-71.09177586286553, 42.338943605953865], [-71.09175241556747, 42.33900040859347], [-71.09161274999973, 42.33905338185344], [-71.09162122184831, 42.33906272727502], [-71.0915856938631, 42.33907553917894], [-71.09154376016458, 42.339064976521655], [-71.09145210776651, 42.33894053561125], [-71.09145966869492, 42.338928757840364]]"
4,Churchill,Classroom/Admin.,6,1959,140,5228.26087,1022,"[-71.08879368499444, 42.33879021413075]","[[-71.08853404306349, 42.33880926931909], [-71.08906519543014, 42.33859823086214], [-71.08918314837706, 42.338761631529636], [-71.088651995038, 42.3389726696238], [-71.08853404306349, 42.33880926931909]]"
5,Columbus Place,Administrative,7,1910,233,11537.71832,1553,"[-71.08503863177503, 42.337572089564816]","[[-71.0850514431225, 42.337877492043646], [-71.08472147061376, 42.337538297180814], [-71.08487057128991, 42.33745845926744], [-71.08490534318146, 42.337494202225265], [-71.08494533175785, 42.33747278997497], [-71.08497160958012, 42.337499803612246], [-71.08493025710924, 42.33752194648716], [-71.08504680744129, 42.337641753314756], [-71.0850932696423, 42.33761687484176], [-71.08507282441771, 42.337595858431115], [-71.08510502425165, 42.33757861698326], [-71.08512635542328, 42.337600543180734], [-71.08516903156439, 42.33757769287984], [-71.08500719732137, 42.337411336007584], [-71.08514964965498, 42.33733505690153], [-71.08543911068124, 42.337627307226], [-71.0850514431225, 42.337877492043646]]"
6,Cullinane,Administrative,3,1911,143,2605.258268,824,"[-71.08650688494129, 42.34004544859242]","[[-71.08628495507499, 42.339975884021776], [-71.08658192485835, 42.33985888425868], [-71.086639178155, 42.339938865964555], [-71.08651517665048, 42.33998772010449], [-71.08670748753504, 42.340256377412715], [-71.08653451724015, 42.34032452436297], [-71.08628495507499, 42.339975884021776]]"
7,Curry Student Center,Student Services,6,1964,271,15567.91156,3308,"[-71.08754470213567, 42.339140209026596]","[[-71.08792991473818, 42.339250666287825], [-71.08752040111554, 42.3394037557275], [-71.0875173789445, 42.339399599021014], [-71.08742580498001, 42.339436245469905], [-71.08740637370038, 42.33940952166804], [-71.08739602333873, 42.339413663682805], [-71.08735737374867, 42.33936050402286], [-71.08723150737633, 42.33941087373717], [-71.08718390726702, 42.33934540548984], [-71.08730977354705, 42.339295035826936], [-71.08718424813527, 42.339122390654374], [-71.0872094590362, 42.33911230156272], [-71.08719539567262, 42.339092959591255], [-71.08718310473523, 42.339097878774396], [-71.08709006046139, 42.33896990381203], [-71.08758500860625, 42.338771834206725], [-71.0876489705323, 42.33885980708518], [-71.08763695586158, 42.338864615671326], [-71.08765613329841, 42.33889099011384], [-71.08775602838972, 42.33885101342439], [-71.08778748208695, 42.33889427544388], [-71.08784844111291, 42.33886988088187], [-71.08798237013686, 42.33905408280085], [-71.08792080507253, 42.339078721041126], [-71.08795195230192, 42.33912156057719], [-71.08786216872849, 42.33915749085497], [-71.08792991473818, 42.339250666287825]]"
8,Dana,Research/Classroom,6,1966,144,6630.806392,1268,"[-71.08926627264886, 42.338132505060905]","[[-71.08916830748434, 42.338296317544774], [-71.08896847754507, 42.338062934489635], [-71.08942528294229, 42.33788314252402], [-71.08960098778822, 42.33812381320133], [-71.08916830748434, 42.338296317544774]]"
9,Dockser,Classroom/Admin.,5,1968,154,5888.424378,1251,"[-71.09052821322454, 42.3386629868415]","[[-71.09070797790238, 42.33867549381483], [-71.09072669909818, 42.33870351628399], [-71.09069341597875, 42.33871983926967], [-71.09073448043561, 42.33877637259818], [-71.09040423745304, 42.33890737842369], [-71.09015614436241, 42.33856950566694], [-71.09023219299621, 42.338538769754386], [-71.09025612808168, 42.3385713655371], [-71.09051436082538, 42.338466997224515], [-71.09067673043403, 42.33868812286834], [-71.09070797790238, 42.33867549381483]]"
10,Dodge,Classroom/Admin.,6,1952,184,7973.429952,1687,"[-71.08768974692393, 42.340321267982155]","[[-71.08769639984804, 42.34042174933343], [-71.08756595480378, 42.34024226727198], [-71.08754254303604, 42.34025163275764], [-71.08743042006697, 42.3400973578364], [-71.08773206601164, 42.3399766950957], [-71.08808629912721, 42.34046409130428], [-71.0877846515405, 42.340584754061275], [-71.08767298803319, 42.340431114845316], [-71.08769639984804, 42.34042174933343]]"
11,Egan,Research,6,1996,263,10836.86362,2671,"[-71.0890400409122, 42.33758263716728]","[[-71.08842453836186, 42.338023522054705], [-71.0884006028912, 42.3379982515662], [-71.08838483986817, 42.338003451042596], [-71.08831454131537, 42.33790311464918], [-71.08839126369786, 42.337872353552775], [-71.08835019005124, 42.33781596518127], [-71.08854593385217, 42.337737485109606], [-71.08911030503809, 42.33733836892562], [-71.08913484252507, 42.337356895524486], [-71.08914138501484, 42.337353056647956], [-71.08914821686031, 42.337349506898924], [-71.08915531493007, 42.337346257898524], [-71.08916265731786, 42.337343319471586], [-71.08917021603268, 42.3373407041222], [-71.08917796797247, 42.337338418970084], [-71.08918588518124, 42.337336471117666], [-71.0891939421183, 42.33733486947658], [-71.08920210963197, 42.33733361844406], [-71.08921036343598, 42.337332720634244], [-71.08921867195158, 42.33733218043571], [-71.08922700967906, 42.33733200045819], [-71.08923534749012, 42.337332181497985], [-71.08924365627969, 42.33733272075014], [-71.08925190935788, 42.33733361721904], [-71.08926007882745, 42.33733486900447], [-71.08926813439324, 42.337336469696126], [-71.08927605180398, 42.337338416506526], [-71.08928380441081, 42.33734070213811], [-71.08929136314946, 42.33734331748423], [-71.08929870501728, 42.33734625436003], [-71.08930580337694, 42.337349503667525], [-71.08931263524906, 42.33735305362084], [-71.0893191788675, 42.33735689243844], [-71.08932540883185, 42.33736100742554], [-71.0893313058262, 42.337365383208244], [-71.08933684930396, 42.33737000710909], [-71.08934202238767, 42.33737486196223], [-71.08934680455408, 42.33737993148916], [-71.0893511825661, 42.33738519853706], [-71.08935514075989, 42.33739064594451], [-71.08935866469086, 42.33739625565405], [-71.08936174235893, 42.3374020069161], [-71.08936436295969, 42.337407881686275], [-71.08936652056023, 42.33741385923669], [-71.08936820557551, 42.337419920626935], [-71.08936941208424, 42.33742604332854], [-71.08937013778197, 42.337432208427195], [-71.08937037795515, 42.33743839429899], [-71.08937013274365, 42.33744457933742], [-71.08936940348359, 42.337450744641096], [-71.08936819275362, 42.3374568668116], [-71.08936650310307, 42.337462926951815], [-71.08936434194686, 42.337468904381524], [-71.0893617154866, 42.337474778416116], [-71.08935863356983, 42.33748052748364], [-71.08935510600917, 42.337486135413876], [-71.0893511450735, 42.33749158154383], [-71.08934676301396, 42.337496847911396], [-71.08934197694735, 42.3375019147712], [-71.08933680031504, 42.337506767766506], [-71.08933416329586, 42.337509032487496], [-71.08935617680883, 42.33752607444176], [-71.08927523032827, 42.33758538919221], [-71.08925010542134, 42.33756779232934], [-71.08874218230326, 42.33793082120748], [-71.08869581366254, 42.33795064003605], [-71.08872185852539, 42.337964855207616], [-71.08857658154672, 42.338024730672686], [-71.08857085386722, 42.338017081992206], [-71.08858088350631, 42.33801294862701], [-71.08856896738752, 42.33799703561738], [-71.08848527466961, 42.338031529705745], [-71.08847951877702, 42.338032512929786], [-71.08847367295643, 42.33803314291679], [-71.08846777607948, 42.33803341350381], [-71.08846187061164, 42.33803332574306], [-71.08845599538947, 42.3380328788734], [-71.0884501880243, 42.33803207392966], [-71.08844448972121, 42.338030919162065], [-71.08843893926998, 42.338029421011484], [-71.08843357178489, 42.33802759130749], [-71.08842842481863, 42.3380254400877], [-71.08842453836186, 42.338023522054705]]"
12,Ell,Classroom/Admin.,6,1947,228,8215.347454,2805,"[-71.08782825243135, 42.3395960721893]","[[-71.08752040111554, 42.3394037557275], [-71.08792991473818, 42.339250666287825], [-71.0881983607003, 42.33961987413074], [-71.08821050930113, 42.33961501284879], [-71.08832737501855, 42.339775741997464], [-71.08782824564003, 42.33997548693426], [-71.08771144578105, 42.33981484484655], [-71.08777534282218, 42.339789274274764], [-71.08753456794022, 42.33945812120602], [-71.08755421257204, 42.339450260100925], [-71.08752040111554, 42.3394037557275]]"
13,Fenway Center,Student Services,2,1898,140,1674.656262,752,"[-71.08789679154351, 42.342051801527525]","[[-71.08796300515903, 42.34221021238796], [-71.08787097302196, 42.34214799464276], [-71.08782172142999, 42.342188089065246], [-71.08772002955955, 42.34211934095933], [-71.0877675206522, 42.342080679835114], [-71.08757004225474, 42.341947174903474], [-71.08765211636066, 42.34188036149135], [-71.08767028463346, 42.34189264361636], [-71.08770565578774, 42.34186385036913], [-71.08788567510021, 42.34198555267947], [-71.08790491254298, 42.34196989172435], [-71.08801497871556, 42.342044301905396], [-71.08802526112262, 42.34203593181968], [-71.08803925139473, 42.34204539000297], [-71.08806787815624, 42.34202208587015], [-71.0880994242529, 42.34204341157658], [-71.08809081388792, 42.34208947929712], [-71.0880460424304, 42.34212592747681], [-71.08805723924827, 42.34213349853932], [-71.08796300515903, 42.34221021238796]]"
14,Forsyth,Classroom/Admin.,4,1926,215,8124.674842,2729,"[-71.08936793823425, 42.338572457707876]","[[-71.08937801089434, 42.33890771145835], [-71.08916621121895, 42.3384863577596], [-71.08914515743155, 42.338492097515456], [-71.08913439223416, 42.338465974856184], [-71.08915381819321, 42.33846087659584], [-71.08913253466365, 42.33842070058687], [-71.08983206909537, 42.33834429313608], [-71.08999123948274, 42.33866639600417], [-71.08937801089434, 42.33890771145835]]"
15,Hayden,Classroom/Admin.,6,1956,206,10267.09402,2171,"[-71.088400390205, 42.339433289289836]","[[-71.08857305928717, 42.33957519238081], [-71.08847017092414, 42.33961511948545], [-71.08845835993033, 42.339596798793636], [-71.08839066110923, 42.3396235355172], [-71.08827254315129, 42.33946001103487], [-71.08830841031336, 42.33944575099549], [-71.08819442288272, 42.33928794457066], [-71.0881578756781, 42.33930247402718], [-71.08804016181458, 42.339139507118944], [-71.08842890212514, 42.33898495696371], [-71.088778720999, 42.33946925454051], [-71.08855872516259, 42.33955702295856], [-71.08857305928717, 42.33957519238081]]"
16,Holmes/Meserve,Administrative,6,1910,214,9927.44333,1453,"[-71.09075777146937, 42.33791929486854]","[[-71.09086157091726, 42.33823952689903], [-71.0906170339903, 42.33820118433783], [-71.09063981095457, 42.33798804518779], [-71.09068524961806, 42.3379907178872], [-71.09069032713643, 42.337943206796844], [-71.09070249740303, 42.33794392174354], [-71.0907141778777, 42.3378346200412], [-71.0906946749197, 42.337833473858325], [-71.09069751919506, 42.33780685241682], [-71.09072675662593, 42.337808572529006], [-71.09075020267282, 42.33746926712135], [-71.09094654448987, 42.33747673427907], [-71.09089553332112, 42.338007608611655], [-71.09088310200148, 42.3380061644195], [-71.09086157091726, 42.33823952689903]]"
17,Hurtig,Research/Classroom,6,1968,160,7632.850242,1522,"[-71.08603546294641, 42.33975394212569]","[[-71.08575672585798, 42.33973515322812], [-71.08627405287724, 42.33953133779514], [-71.08645356991886, 42.33978212552606], [-71.08593624022, 42.33998594085103], [-71.08575672585798, 42.33973515322812]]"
18,International Village,Residence Facility/Academic,26,2009,479,42712.09588,3028,"[-71.08908811091422, 42.33515674067943]","[[-71.08881346348758, 42.335516105055504], [-71.08867592875504, 42.33519873041701], [-71.0886960194409, 42.33519389299647], [-71.08867225441601, 42.33513955987633], [-71.08871754959131, 42.335116186454066], [-71.08866537588567, 42.33506052819581], [-71.08916351808053, 42.334803476841586], [-71.08926228618353, 42.33491244209194], [-71.08883436495863, 42.33512595565594], [-71.08890495431744, 42.33528989228069], [-71.08892379762204, 42.33528542578233], [-71.0889393605548, 42.33532156789818], [-71.08909905128561, 42.33532095579094], [-71.08908663945383, 42.335310243849165], [-71.08943763252265, 42.33508636685755], [-71.08946041694279, 42.335106030510964], [-71.08950727987886, 42.335076620506676], [-71.08942035560528, 42.33498501222023], [-71.08937870171985, 42.33500697646086], [-71.08929185647858, 42.33491632176815], [-71.08933350912692, 42.33489435665398], [-71.08918678686936, 42.334740084788244], [-71.08933485585082, 42.33466419778591], [-71.08973988153274, 42.33509375873307], [-71.08921986205563, 42.335423768013854], [-71.08916747976019, 42.33537826455575], [-71.08897276330543, 42.335387621228655], [-71.08895336799635, 42.33539281409891], [-71.08897055026073, 42.33543895795889], [-71.08881346348758, 42.335516105055504]]"
19,Kariotis,Classroom,4,1982,88,1392.326273,375,"[-71.09089481243156, 42.338657311156155]","[[-71.09072669909818, 42.33870351628399], [-71.09070797790238, 42.33867549381483], [-71.09072312484695, 42.33866937198362], [-71.09071838921008, 42.33866345550621], [-71.09071407700887, 42.33865736317825], [-71.09071020026722, 42.338651112148256], [-71.09070676979574, 42.338644719560314], [-71.09070379519724, 42.33863820165385], [-71.09070128362426, 42.338631578260916], [-71.09069924225278, 42.33862486561225], [-71.09069767702756, 42.33861808263528], [-71.09069659146083, 42.33861124914891], [-71.09069599028993, 42.338604383175905], [-71.09069587461744, 42.33859750182577], [-71.09069624309008, 42.33859062670071], [-71.09069709681036, 42.338583774910205], [-71.09069843079631, 42.33857696624293], [-71.09070024372349, 42.3385702177998], [-71.09070253061579, 42.33856354846912], [-71.0907052840641, 42.33855697803098], [-71.09070849789605, 42.338550522668676], [-71.09071216106229, 42.33854420214924], [-71.09071626618858, 42.33853803085105], [-71.09071885916802, 42.338534506432396], [-71.09087523011011, 42.338593276832626], [-71.09088061383639, 42.338592612668585], [-71.09088605471189, 42.338592306123914], [-71.09089151024772, 42.33859235974831], [-71.09089693919196, 42.33859277249466], [-71.0909022966638, 42.3385935415024], [-71.0909075402326, 42.338594660318485], [-71.09091263112568, 42.33859611980213], [-71.09091752451455, 42.338597908990224], [-71.09092218650937, 42.33860001425783], [-71.09092657717648, 42.33860241835739], [-71.09093066266067, 42.33860510226228], [-71.09093441033822, 42.338608044249376], [-71.09093779244473, 42.338611221712725], [-71.09094077880059, 42.33861461023695], [-71.0909433489571, 42.338618181840324], [-71.09094548004465, 42.338621907632096], [-71.09094715768184, 42.33862575965207], [-71.09094836749907, 42.338629708139464], [-71.09094910121723, 42.338633719754014], [-71.09094935053979, 42.33863776385623], [-71.09094929944135, 42.33863966149172], [-71.09098205037971, 42.338639498021294], [-71.09100444656188, 42.33862693938573], [-71.09106135648305, 42.33864976798499], [-71.09106321857921, 42.3386515544873], [-71.0910646753158, 42.33865353671184], [-71.0910656881759, 42.33865566590587], [-71.09106623324489, 42.33865788706647], [-71.09106629632181, 42.33866014432495], [-71.0910658753463, 42.33866238095554], [-71.09106498161745, 42.33866453847943], [-71.09106363732114, 42.338666563858204], [-71.09106187676616, 42.338668405897195], [-71.09105974395139, 42.3386700161371], [-71.09105729373333, 42.3386713560604], [-71.09105458823755, 42.33867238897608], [-71.09105169556952, 42.33867309171872], [-71.09104868988506, 42.33867344384538], [-71.09104564647156, 42.338673437521216], [-71.09104282722933, 42.338673106088365], [-71.09103945052874, 42.33867228291317], [-71.09103595144889, 42.338671806815626], [-71.09103240030109, 42.338671688849246], [-71.09102885896063, 42.33867193103484], [-71.09102539420337, 42.338672528208086], [-71.09102207284573, 42.338673468902925], [-71.09101895445238, 42.338674737125984], [-71.09101609743873, 42.338676306976566], [-71.09101355415848, 42.33867815163217], [-71.09101137338905, 42.33868023435432], [-71.0910095954077, 42.338682519274585], [-71.0910082520557, 42.33868496149165], [-71.09100736910096, 42.338687516982844], [-71.0910070868184, 42.338688947444226], [-71.09100048528158, 42.338693844960204], [-71.09099354928223, 42.33869848290191], [-71.09098629711558, 42.33870284692966], [-71.09097875069969, 42.33870692541759], [-71.09097092709888, 42.33871070672256], [-71.09096285064089, 42.33871418192807], [-71.09095454080533, 42.33871734120024], [-71.09094602070644, 42.33872017561826], [-71.09093731466027, 42.33872267806628], [-71.09092844455603, 42.338724841419825], [-71.09091943469812, 42.338726660363555], [-71.090910309397, 42.33872812868189], [-71.0909010941531, 42.33872924376466], [-71.09089181325929, 42.33873000209714], [-71.09088249099676, 42.3387304019651], [-71.09087315407953, 42.33873044076274], [-71.090863827979, 42.338730120381285], [-71.09085453575142, 42.338729440902775], [-71.09084530286806, 42.33872840421847], [-71.09083615722736, 42.33872701222821], [-71.09082712063116, 42.338725271311716], [-71.0908182161297, 42.33872318245132], [-71.09080947279418, 42.33872075385313], [-71.09080090999365, 42.338717992788496], [-71.0907925519685, 42.33871490384521], [-71.0907844229242, 42.33871149701263], [-71.09077654221817, 42.33870778136269], [-71.09076893162889, 42.338703766876186], [-71.09076161413684, 42.33869946533876], [-71.0907546066664, 42.33869488671392], [-71.09075039819334, 42.33869189356457], [-71.09072669909818, 42.33870351628399]]"
20,Knowles,Classroom/Library,6,1961,154,5677.44333,1252,"[-71.09070761952123, 42.33915678712889]","[[-71.09059996355992, 42.33916150437681], [-71.09058728388284, 42.33914401965364], [-71.09055667053357, 42.339156240143474], [-71.0905338550719, 42.33912478008432], [-71.09076209944207, 42.33903367286092], [-71.09079956486084, 42.33908533357017], [-71.09096660300405, 42.33901865719571], [-71.09112917440302, 42.33924282136924], [-71.09070658784492, 42.33941150277136], [-71.0905420485703, 42.33918462201533], [-71.09059996355992, 42.33916150437681]]"
21,Lake/Nightingale,Administrative,7,1910,266,11147.6217,2025,"[-71.09014519970498, 42.33817721352307]","[[-71.0906170339903, 42.33820118433783], [-71.09086157091726, 42.33823952689903], [-71.09085245832631, 42.33833829227153], [-71.09086649988488, 42.33833900575738], [-71.09085690984297, 42.33844295545842], [-71.09082231844756, 42.33845639526381], [-71.09037325390635, 42.33829817579105], [-71.0900671209673, 42.338385188214], [-71.09003004496502, 42.33837041364511], [-71.0900196449737, 42.338352487738234], [-71.09000969246469, 42.33833442117979], [-71.09000018981199, 42.33831622208103], [-71.08999114304764, 42.338297895865324], [-71.08998255213051, 42.33827944883468], [-71.08997442186732, 42.338260888208715], [-71.08996675464986, 42.338242219397756], [-71.08995955286946, 42.33822344781225], [-71.08995281890017, 42.33820458156333], [-71.08994655513952, 42.33818562516114], [-71.08994076516903, 42.33816658762144], [-71.08993544895337, 42.33814747434591], [-71.08993060767054, 42.338128290740634], [-71.08992624612726, 42.3381090440251], [-71.08992236306882, 42.338089740496976], [-71.08991896086921, 42.33807038826745], [-71.08991603949895, 42.33805099183782], [-71.0899136037588, 42.33803155932799], [-71.0899116487594, 42.338012096122256], [-71.08991018052114, 42.337992609444484], [-71.08990919535636, 42.337973106483865], [-71.08990869565073, 42.337953593551], [-71.08990868257645, 42.337934076952074], [-71.08990915366536, 42.3379145629804], [-71.08991011007778, 42.33789505974274], [-71.0901958594878, 42.337904696261724], [-71.09016621223762, 42.3381821013942], [-71.09061624424717, 42.33820857446176], [-71.0906170339903, 42.33820118433783]]"
22,Levine,Residence Facility,5,1923,258,1628.948346,1313,"[-71.08889637949319, 42.34111301709873]","[[-71.08847651575047, 42.34130693718507], [-71.08835080653576, 42.341126001035704], [-71.08846695136477, 42.341081590356836], [-71.0885306692523, 42.341173300728975], [-71.08862279408494, 42.34113807423915], [-71.08855674364231, 42.34104300828301], [-71.08867617413007, 42.3409973397386], [-71.08874074104484, 42.34109027382927], [-71.0887981435874, 42.34106832474625], [-71.08873236348477, 42.34097364608261], [-71.08885487040652, 42.34092680087163], [-71.08891569717524, 42.34101434764409], [-71.08900247354916, 42.3409811651974], [-71.08894078706594, 42.34089237839489], [-71.08904687496073, 42.340851811434995], [-71.08905106779588, 42.34085236389616], [-71.08905514670771, 42.34085326706407], [-71.0890590608166, 42.340854507252494], [-71.08906276045619, 42.3408560707795], [-71.08906619600711, 42.34085793676107], [-71.08906932394645, 42.340860079833455], [-71.08907210198268, 42.34086247193651], [-71.089074495111, 42.340865084135736], [-71.0890764732215, 42.34086788121215], [-71.0890780098508, 42.3408708270595], [-71.08907908340106, 42.340873883788284], [-71.08907968200617, 42.34087700994268], [-71.0890797974168, 42.34088016768095], [-71.0890794274867, 42.34088331378138], [-71.0890785785404, 42.340886408653645], [-71.08907726054912, 42.3408894118203], [-71.08907548953984, 42.34089228462596], [-71.08907506833799, 42.340892861108316], [-71.08909412427478, 42.34092748063964], [-71.08909675887713, 42.34092617202732], [-71.08909963051877, 42.340925175763246], [-71.08910267472, 42.34092451682522], [-71.08910581614934, 42.340924209348614], [-71.08910898680347, 42.3409242602928], [-71.08911210901154, 42.34092467028048], [-71.0891151088253, 42.34092542734356], [-71.08911792080865, 42.34092651684355], [-71.08912047476485, 42.340927909720186], [-71.0891227126382, 42.340929576056396], [-71.08912458129713, 42.34093147514919], [-71.08912603733572, 42.34093356362938], [-71.08912704829883, 42.34093579366551], [-71.08912758905927, 42.340938110249965], [-71.089127647815, 42.34094046202391], [-71.08912722250142, 42.340942793161794], [-71.08912632318899, 42.340945047881526], [-71.08912497084052, 42.3409471749413], [-71.08912319733484, 42.34094912403866], [-71.08912104301005, 42.340950850303095], [-71.0891194407385, 42.34095184570227], [-71.08916015051332, 42.34101404383851], [-71.08916370224138, 42.34101390528086], [-71.08916724557552, 42.34101412500954], [-71.08917071742471, 42.34101470099848], [-71.0891740499023, 42.34101562220162], [-71.08917718244943, 42.34101687039673], [-71.08918005817124, 42.34101842377352], [-71.08918262143297, 42.34102025332381], [-71.08918482513553, 42.341022323768], [-71.08918663069186, 42.34102459715591], [-71.0891880019653, 42.341027031944975], [-71.08918891255082, 42.34102958302626], [-71.08918934820747, 42.341032200832785], [-71.08918930073881, 42.34103483942036], [-71.0891887680449, 42.34103744836518], [-71.08918776257667, 42.34103997909576], [-71.08918630284049, 42.341042384863194], [-71.0891844158261, 42.341044620749166], [-71.08918213577476, 42.34104664636285], [-71.08917950663034, 42.34104842224843], [-71.08917657592453, 42.34104991706543], [-71.08917339845252, 42.34105110220031], [-71.08917003260933, 42.341051955354395], [-71.08916654159721, 42.34105246144849], [-71.08916298980269, 42.34105260990921], [-71.0891594464138, 42.341052398282834], [-71.08915597207127, 42.3410518321879], [-71.08915263467954, 42.34105091996959], [-71.08914949479745, 42.34104967985025], [-71.08914661295488, 42.34104813455348], [-71.08914618752745, 42.34104786654664], [-71.08907367674296, 42.34107856036389], [-71.08907383998533, 42.34108107996562], [-71.08907351908134, 42.341083590634646], [-71.08907271920651, 42.341086042873314], [-71.08907146011616, 42.34108838453533], [-71.08906976273818, 42.341090569780526], [-71.08906766255684, 42.34109255372112], [-71.08906520472954, 42.341094296905574], [-71.0890624368289, 42.3410957616916], [-71.08905941727924, 42.34109692127933], [-71.0890562057183, 42.341097748873004], [-71.08905286776962, 42.34109823030257], [-71.08904947389901, 42.34109835321574], [-71.08904608842298, 42.34109811784247], [-71.08904278292742, 42.3410975262391], [-71.08903962405631, 42.34109659394891], [-71.08903891464263, 42.34109632852782], [-71.08903557377717, 42.34109595106743], [-71.08903219295395, 42.34109593358112], [-71.08902884621497, 42.341096273632644], [-71.08902559790592, 42.341096966950566], [-71.0890225160888, 42.341097997572895], [-71.08901966642794, 42.34109934502766], [-71.08901710493825, 42.34110097980543], [-71.08901488521312, 42.34110287148788], [-71.08901372052775, 42.34110413043492], [-71.08901348496822, 42.34110676654949], [-71.08901276794636, 42.341109354127774], [-71.0890115843342, 42.3411118455075], [-71.08900995505394, 42.34111419574876], [-71.08900791074174, 42.34111635904613], [-71.08900548927372, 42.34111829592216], [-71.08900273577807, 42.341119971426735], [-71.0889997002197, 42.34112135332788], [-71.08899644100521, 42.341122417526456], [-71.08899301651797, 42.34112314352447], [-71.08898949116802, 42.341123517147466], [-71.08898593053227, 42.34112353142752], [-71.08898239892127, 42.34112318749487], [-71.0889789630434, 42.341122490989655], [-71.08897568834682, 42.34112145475001], [-71.08897263295769, 42.34112009788988], [-71.08897229552662, 42.341119921126555], [-71.0888969000703, 42.341148919172284], [-71.0888976732523, 42.34115132391717], [-71.08889796670864, 42.341153786366], [-71.08889777592451, 42.341156254285735], [-71.08889710487367, 42.341158676373894], [-71.08889596846355, 42.34116099956648], [-71.08889438884144, 42.341163177127505], [-71.08889240030175, 42.34116516056376], [-71.08889004315368, 42.34116690950623], [-71.08888737103781, 42.34116838633438], [-71.08888443755359, 42.341169559729614], [-71.08888130596773, 42.341170404709956], [-71.08887804313498, 42.341170904408884], [-71.08887471588085, 42.34117104646129], [-71.08887139580875, 42.341170830222865], [-71.0888681532852, 42.341170258646116], [-71.08886505740493, 42.34116934368198], [-71.08886217356923, 42.3411681053707], [-71.08885956228426, 42.34116657003721], [-71.08885930012657, 42.341166388140955], [-71.08881872459928, 42.34117936660051], [-71.08881924236641, 42.341181858661145], [-71.08881927694847, 42.34118438050399], [-71.08881882869045, 42.34118687901301], [-71.08881790518348, 42.34118930649986], [-71.08881652618308, 42.34119161081823], [-71.08881471747154, 42.3411937461454], [-71.0888125193757, 42.34119566941156], [-71.08880997462619, 42.34119734115656], [-71.08880713562644, 42.341198727356755], [-71.08880405838578, 42.34119979940309], [-71.08880080736105, 42.34120053591896], [-71.08879744817597, 42.341200922734465], [-71.08879405007126, 42.341200949293686], [-71.08879067977887, 42.34120061763593], [-71.08878740764203, 42.34119993431473], [-71.08878430032247, 42.3411989121727], [-71.08878142078278, 42.34119757304203], [-71.08878018157708, 42.341196852877324], [-71.08870243016626, 42.34122589368592], [-71.08870279880675, 42.34122836360655], [-71.08870268315353, 42.34123084709969], [-71.08870208475938, 42.341233291953905], [-71.08870101730653, 42.34123564690151], [-71.08869950294849, 42.341237864306166], [-71.08869757234498, 42.34123989476152], [-71.08869526701898, 42.34124169790293], [-71.08869263454943, 42.34124323518799], [-71.0886897321766, 42.341244475311186], [-71.08868661712314, 42.34124538966789], [-71.08868335866515, 42.34124596230066], [-71.08868002120684, 42.34124617993546], [-71.08867667758884, 42.3412460383315], [-71.08867339576246, 42.34124553863208], [-71.0886724372494, 42.341245322733904], [-71.08866957183757, 42.34124442389401], [-71.08866655251201, 42.34124386661451], [-71.08866345200188, 42.34124366375971], [-71.08866034794326, 42.341243820108794], [-71.08865731438415, 42.341244332325545], [-71.0886544242119, 42.34124518896694], [-71.08865174917604, 42.34124636688208], [-71.08864935255534, 42.34124783928863], [-71.08864729404627, 42.34124957038841], [-71.08864562126296, 42.341251516237534], [-71.08864442863548, 42.341253525024456], [-71.08864345937197, 42.3412560828886], [-71.08864203217618, 42.34125851937543], [-71.08864017645936, 42.34126079047583], [-71.08863792161516, 42.341262854881506], [-71.08863531278953, 42.34126467494168], [-71.08863239753227, 42.3412662166153], [-71.08862922578491, 42.341267451271754], [-71.08862586079111, 42.3412683575302], [-71.08862235970338, 42.34126891758931], [-71.08861878932973, 42.34126912178491], [-71.08861521522374, 42.34126896675031], [-71.08861170169628, 42.34126845361601], [-71.08860831420127, 42.34126759431997], [-71.08860511332124, 42.34126640348364], [-71.08860382843162, 42.34126580379276], [-71.08852797279367, 42.34129516006723], [-71.08852748752814, 42.341297935732754], [-71.08852652457443, 42.34130064216674], [-71.08852510121453, 42.34130323441644], [-71.08852324320735, 42.341305670260276], [-71.08852097751377, 42.34130790928157], [-71.08851834442596, 42.34130991381217], [-71.08851538663359, 42.34131165069408], [-71.08851215285334, 42.34131309309285], [-71.08850869664982, 42.341314215091614], [-71.0885050751698, 42.34131499978938], [-71.08850134797541, 42.34131543209432], [-71.08849757698562, 42.34131550772662], [-71.08849382411341, 42.341315223306644], [-71.08849015001145, 42.3413145826527], [-71.08848661770111, 42.34131359859439], [-71.08848328411241, 42.3413122875408], [-71.08848281346953, 42.34131206798551], [-71.08847651575047, 42.34130693718507]]"
23,Marino,Athletic Facility,3,1996,243,7688.870308,3281,"[-71.0903504210763, 42.340106041393526]","[[-71.08991964230566, 42.340247345480265], [-71.0898815605823, 42.340195101610064], [-71.08990957003833, 42.34018386323493], [-71.08992111242475, 42.340199699137784], [-71.09025017075132, 42.340067681259164], [-71.09026014710757, 42.3400813679503], [-71.09032720231066, 42.34005446578362], [-71.0903006714128, 42.340027601043836], [-71.09031666301537, 42.34002463664659], [-71.09033276641217, 42.340022023759616], [-71.09034896582195, 42.340019763226856], [-71.0903652478792, 42.34001785770157], [-71.09038159801054, 42.34001630893239], [-71.09039800408122, 42.34001511687604], [-71.09041444907929, 42.34001428507312], [-71.0904309196624, 42.340013812575684], [-71.09044740369588, 42.34001369934053], [-71.09046388296582, 42.34001394710343], [-71.09048034656284, 42.34001455402485], [-71.09049677871164, 42.34001552004865], [-71.09051316484482, 42.340016846023296], [-71.09052949164324, 42.3400185273998], [-71.09054574574714, 42.3400205659313], [-71.09056190897171, 42.34002295885208], [-71.09057797284026, 42.340025703431174], [-71.09059392037572, 42.340028797807584], [-71.09060871433964, 42.34003200421194], [-71.09063126097412, 42.34020280607302], [-71.09059015926474, 42.34021942496682], [-71.09076576434495, 42.34045675506321], [-71.09019475937691, 42.34068745041383], [-71.08988428765738, 42.34026152952287], [-71.08991964230566, 42.340247345480265]]"
24,Matthews,Athletic Facility,3,1906,363,14572.64957,6084,"[-71.0845786469969, 42.3413383789818]","[[-71.08517672183696, 42.341014067445656], [-71.08435436892961, 42.34162651076199], [-71.08449765769676, 42.341737026218574], [-71.0843792887182, 42.34184293667828], [-71.0837625240413, 42.341446922747494], [-71.0847032459186, 42.34068712157494], [-71.08517672183696, 42.341014067445656]]"
25,Mugar,Research/Classroom,6,1941,279,12664.52991,2458,"[-71.0870788248512, 42.33985416625972]","[[-71.08670217726026, 42.339836820987536], [-71.08681259687948, 42.339792756909524], [-71.08675571576835, 42.33971430442251], [-71.08716253069242, 42.33955196035169], [-71.08721618653145, 42.3396259635158], [-71.08732775154816, 42.33958144030549], [-71.08757453821055, 42.339921810956525], [-71.08737048732873, 42.34000324042137], [-71.08730185129531, 42.339908578564845], [-71.08726503062422, 42.339923272409834], [-71.08724746394165, 42.33989904458747], [-71.08729279898415, 42.339880953897435], [-71.0872506250158, 42.33982278853253], [-71.08701047844899, 42.33991862299769], [-71.08714317115384, 42.34010163572654], [-71.08693706291659, 42.340183885304484], [-71.08670601823529, 42.33986522102758], [-71.08671901007712, 42.339860037028146], [-71.08670217726026, 42.339836820987536]]"
26,Power Plant,Mechanical Facility,1,1910,99,633.1289483,588,"[-71.090461055353, 42.338001732732]","[[-71.09028655821774, 42.33804293630864], [-71.09031422445491, 42.33785869090411], [-71.09063767122379, 42.33788661596216], [-71.09061930735896, 42.33800369849764], [-71.09057262488389, 42.33799595899525], [-71.09057966115321, 42.33801295277497], [-71.09053094230303, 42.33809694135657], [-71.09032195036373, 42.33807486348005], [-71.09028655821774, 42.33804293630864]]"
27,Richards,Classroom/Admin.,6,1938,260,10574.78632,2297,"[-71.08871664169517, 42.339732955936626]","[[-71.08847017092414, 42.33961511948545], [-71.08857305928717, 42.33957519238081], [-71.08858621290443, 42.339591865423486], [-71.08881931702389, 42.3394996432708], [-71.08886177757725, 42.339558713879065], [-71.08884484311555, 42.33956541451839], [-71.08895369715646, 42.33971685306408], [-71.08876467404716, 42.33979163514508], [-71.08889899805868, 42.339978510324684], [-71.08908715774764, 42.33990406975063], [-71.08919585901445, 42.340055293236034], [-71.08877104264704, 42.34022335906938], [-71.08842231617756, 42.33973820659464], [-71.08849827888372, 42.33970815484334], [-71.08846914258177, 42.33966762020826], [-71.08849619074688, 42.339655480243024], [-71.08847017092414, 42.33961511948545]]"
28,Robinson,Classroom/Admin.,6,1965,135,4950.39019,983,"[-71.08660929611162, 42.33927693403713]","[[-71.08636297792142, 42.339287604554755], [-71.08685703725705, 42.3390918342304], [-71.08697877448134, 42.33926092710462], [-71.08648471297688, 42.339456699741135], [-71.08636297792142, 42.339287604554755]]"
29,Ryder,Classroom/Admin.,4,1913,237,10621.42326,3013,"[-71.09031623315197, 42.33664617262549]","[[-71.09020677975568, 42.33672581122874], [-71.09019453774339, 42.33672459450944], [-71.09019186948917, 42.33673937501566], [-71.09014723797785, 42.33673493951967], [-71.09015430257438, 42.33669580734998], [-71.09017407532151, 42.33669777295443], [-71.090190186652, 42.33660854650284], [-71.09014694738879, 42.33660424921257], [-71.09018880904645, 42.33638374015668], [-71.09030415127104, 42.336382472208335], [-71.09107259123401, 42.33645489710195], [-71.09104521034054, 42.336826010408565], [-71.09020378557683, 42.33674238935937], [-71.09020677975568, 42.33672581122874]]"
30,Shillman,Classroom,4,1995,163,4580.453363,1445,"[-71.0901361319655, 42.337538364784145]","[[-71.08993269859826, 42.33775056585403], [-71.08994001676406, 42.33767327658792], [-71.0899414343238, 42.33766331810049], [-71.08994333456235, 42.337653403648346], [-71.08994571375752, 42.337643545822395], [-71.0899485693948, 42.337633758117896], [-71.08995189653828, 42.33762405312143], [-71.08995569389869, 42.33761444253212], [-71.08995995289406, 42.33760493982375], [-71.08996466980221, 42.33759555758703], [-71.08996983849163, 42.33758630570328], [-71.08997545158215, 42.33757719945113], [-71.08998150295396, 42.33756824691131], [-71.08998798401939, 42.337559462457854], [-71.08999488622005, 42.33755085596332], [-71.0900022021877, 42.33754244090582], [-71.090009919741, 42.337534224444155], [-71.09001803151169, 42.33752622005632], [-71.09002652530107, 42.33751843760208], [-71.09003539134318, 42.33751088604931], [-71.09004461622013, 42.33750357615368], [-71.09005419016592, 42.337496516883185], [-71.0900641009877, 42.337489717197236], [-71.09007433406012, 42.33748318694677], [-71.09008487719618, 42.33747693419093], [-71.09009571700716, 42.337470965183954], [-71.09010683765408, 42.33746528977243], [-71.09011822574267, 42.33745991511095], [-71.09012986909751, 42.33745484745807], [-71.09014174947045, 42.337450093951], [-71.09015385226533, 42.33744565993933], [-71.09016616166655, 42.33744155166874], [-71.09017866308379, 42.337437773588576], [-71.09019133826887, 42.337434332836125], [-71.09020417264306, 42.33743123206018], [-71.09021714918926, 42.33742847570152], [-71.09023025090184, 42.33742606640039], [-71.0902434607636, 42.33742400859751], [-71.09025676298253, 42.3374223049375], [-71.09027013813774, 42.337420956251385], [-71.09028356921803, 42.33741996607966], [-71.09029704044865, 42.33741933436613], [-71.09031053362244, 42.33741906194614], [-71.09032403053207, 42.33741914965514], [-71.09033751539715, 42.33741959833718], [-71.09035096882019, 42.33742040522224], [-71.09036232929033, 42.33742079231412], [-71.09043717458732, 42.33742444767406], [-71.09043469536628, 42.337455210860114], [-71.09051924250487, 42.337455105993165], [-71.09050762307837, 42.33761400324755], [-71.09042697206061, 42.33761075579103], [-71.09042445584002, 42.33764517133277], [-71.09026156567745, 42.337747317953095], [-71.09018707692445, 42.3377415777723], [-71.09018131556721, 42.33782248637768], [-71.08996762068044, 42.337811350354954], [-71.0899731763604, 42.337752675563394], [-71.08993269859826, 42.33775056585403]]"
31,Snell Engineering,Classroom/Admin.,6,1984,165,7987.736901,1646,"[-71.08893126199696, 42.33826452366862]","[[-71.08896847754507, 42.338062934489635], [-71.08916830748434, 42.338296317544774], [-71.08914767357014, 42.338304543969564], [-71.08916390777341, 42.338326956258186], [-71.08864682933083, 42.33853301379359], [-71.08845516072992, 42.338264965134954], [-71.08896847754507, 42.338062934489635]]"
32,Snell Library,Library/Classroom,6,1988,340,22853.30732,4619,"[-71.08787626963307, 42.33835404404422]","[[-71.08781190465928, 42.33880006722204], [-71.0877627233919, 42.33873401374873], [-71.08775208292677, 42.33873837442692], [-71.0876111235838, 42.33854905944908], [-71.08745434205022, 42.33861331176857], [-71.08732837874507, 42.33844413578279], [-71.08740578567487, 42.338412411786265], [-71.08738855689087, 42.33838927274284], [-71.0874735330795, 42.33835444734739], [-71.08745933814356, 42.338335384023516], [-71.0875461162126, 42.33829982049772], [-71.08753074236, 42.33827917473923], [-71.08761687179415, 42.338243876219934], [-71.0876026094902, 42.33822471994154], [-71.08768535019354, 42.33819081007136], [-71.08766897668838, 42.338168817508546], [-71.08775485888825, 42.338133621532876], [-71.08774071446594, 42.3381146223449], [-71.08782679001432, 42.3380793468827], [-71.08781288014876, 42.338060664547186], [-71.08789782889609, 42.3380258495432], [-71.08788233951779, 42.33800504766589], [-71.08814485538981, 42.33789746075566], [-71.088259867893, 42.338051929069856], [-71.08816616248491, 42.33809033305164], [-71.0882100878763, 42.338149327244764], [-71.08816509427095, 42.33816776703416], [-71.08830454587483, 42.3383550565892], [-71.08825880751284, 42.338373800747796], [-71.08839965411322, 42.33856296238007], [-71.08836412651247, 42.33857752256181], [-71.08839992023081, 42.33862559311408], [-71.08838671463222, 42.33865474503789], [-71.08834885206332, 42.338646755319786], [-71.08831126546124, 42.338595415669914], [-71.08781190465928, 42.33880006722204]]"
33,Speare,Residence Facility,6,1964,255,9170.382757,2042,"[-71.08962201873591, 42.34069924959636]","[[-71.08943428358225, 42.34092768751376], [-71.08918530343018, 42.3405822823065], [-71.08936967358008, 42.34050913765963], [-71.0895029025957, 42.34069396271729], [-71.08954509057594, 42.34067722474972], [-71.08952888400677, 42.340654741504494], [-71.08973825522331, 42.34057167607143], [-71.08963460284473, 42.34042788415335], [-71.0898248655281, 42.3403524001426], [-71.0900733695707, 42.34069714146067], [-71.08988629381341, 42.3407713615332], [-71.0898734006085, 42.34075347444577], [-71.08966380145141, 42.340836630239245], [-71.08964967188676, 42.34081702995909], [-71.08960775394134, 42.34083366089354], [-71.08962188228901, 42.34085326027417], [-71.08943428358225, 42.34092768751376]]"
34,Stearns,Administrative,6,1976,92,3020.717205,505,"[-71.09129384804321, 42.33900926587518]","[[-71.09115201524087, 42.3389537375713], [-71.0913484141375, 42.338875102027274], [-71.09150659809264, 42.3390925581999], [-71.09131019750419, 42.339171194006106], [-71.09115201524087, 42.3389537375713]]"
35,Stetson East,Residence Facility,6,1966,447,11167.59569,3519,"[-71.09024982318685, 42.34130340408222]","[[-71.0900300728704, 42.3417642539873], [-71.08969045856668, 42.341271872718394], [-71.08988598720713, 42.34119764800709], [-71.09006764674066, 42.341461021864454], [-71.09011468073814, 42.34144316839964], [-71.09002250237712, 42.34130952715436], [-71.09023043457354, 42.34123059254349], [-71.09005041249155, 42.340969592537775], [-71.09023672819518, 42.34089886442648], [-71.09036240740133, 42.341081073212244], [-71.09041595192637, 42.34106074720962], [-71.09033104593195, 42.34093765112459], [-71.09051528217879, 42.34086771191211], [-71.09067580747491, 42.34110044102174], [-71.09049985897217, 42.34116723557743], [-71.0904872135511, 42.3411489001979], [-71.09043462517143, 42.341168863220574], [-71.09064179076863, 42.341469211996206], [-71.09045271715468, 42.34154098697855], [-71.09039732012937, 42.34146067262431], [-71.09017851878086, 42.341543732644745], [-71.09015554711591, 42.341510429074134], [-71.09011289263547, 42.34152662092416], [-71.09022560384749, 42.34169002871072], [-71.0900300728704, 42.3417642539873]]"
36,Stetson West,Residence Facility,6,1967,124,6544.964697,788,"[-71.09066535036695, 42.3408518801117]","[[-71.09048811123927, 42.34074353863429], [-71.09068095537182, 42.34066706488282], [-71.09093120943356, 42.341014392570976], [-71.09073836455077, 42.34109086583614], [-71.09048811123927, 42.34074353863429]]"
37,West Village A,Residence Facility,16,1999,337,20933.38907,2660,"[-71.09296264132168, 42.337504163618355]","[[-71.09235099883558, 42.33788990748988], [-71.09244381719039, 42.33774403799717], [-71.09245448188909, 42.337747708484784], [-71.09246533922908, 42.33775104924672], [-71.09247637468334, 42.33775405482976], [-71.09248756765793, 42.33775671975902], [-71.09249889876062, 42.33775904036462], [-71.09251034982991, 42.337761010280055], [-71.09252190145628, 42.3377626285362], [-71.09253353302825, 42.33776389235911], [-71.09254522394004, 42.33776479807457], [-71.09255695598969, 42.33776534561804], [-71.09256870855982, 42.337765533115885], [-71.09258046224087, 42.33776535959895], [-71.09259219517304, 42.33776482769077], [-71.09260388795246, 42.3377639355219], [-71.09261552234814, 42.337762687529256], [-71.09262707773121, 42.33776108363975], [-71.09263853344964, 42.33775912738143], [-71.09264987007052, 42.33775682138632], [-71.09266106935712, 42.33775417099161], [-71.09267211187093, 42.33775117972962], [-71.09268297816755, 42.337747852033026], [-71.09269364878512, 42.337744195035214], [-71.092704107914, 42.337740214082025], [-71.09271433730585, 42.337735916311175], [-71.09272431870664, 42.33773130976074], [-71.0927340338739, 42.33772640066818], [-71.09274346818813, 42.337721197984706], [-71.09275260702431, 42.337715711561856], [-71.09276143091486, 42.3377099494333], [-71.09276992644222, 42.33770392235511], [-71.0927780801948, 42.33769764018308], [-71.09278587633402, 42.337691112764475], [-71.09279330385175, 42.33768435356468], [-71.09280034812888, 42.33767737153493], [-71.09280699937078, 42.33767018014505], [-71.09282840808221, 42.33768085061607], [-71.09283603377239, 42.33767308918903], [-71.09284326156174, 42.33766512018525], [-71.0928500804422, 42.337656957070216], [-71.09285648306954, 42.337648609721164], [-71.09286245844757, 42.33764008980305], [-71.09286800042787, 42.33763140989827], [-71.09287309922209, 42.33762258257635], [-71.09287774869362, 42.33761361861907], [-71.09288194146912, 42.33760453240514], [-71.09288567383315, 42.337595335625174], [-71.09288893721069, 42.33758604085301], [-71.09289172907663, 42.33757666338471], [-71.09289404450769, 42.3375672140064], [-71.09289588219822, 42.33755770711818], [-71.09289723842674, 42.33754815531093], [-71.09289810946068, 42.33753857297619], [-71.09290527907163, 42.33751455604038], [-71.09291264907989, 42.337495793023], [-71.09292048196065, 42.337477134277485], [-71.09292877888643, 42.337458586109896], [-71.09293753253564, 42.33744015479626], [-71.09294674407516, 42.33742184754296], [-71.09295640862751, 42.337403667933806], [-71.09296652250583, 42.33738562315799], [-71.09297708324233, 42.33736771950865], [-71.09298808715006, 42.337349964175], [-71.092999529346, 42.33733236164107], [-71.0930114085701, 42.33731491910466], [-71.09302371629329, 42.33729764193715], [-71.09303645248045, 42.33728053554009], [-71.0930496110178, 42.337263607094016], [-71.09306318824753, 42.33724685928668], [-71.09307717803854, 42.33723030199952], [-71.09309157794632, 42.33721393792458], [-71.09310638185705, 42.337197774242455], [-71.0931215836804, 42.33718181453254], [-71.09313068725216, 42.3371725476242], [-71.09290028255148, 42.33708703331523], [-71.09299287086343, 42.336945420033864], [-71.093055389266, 42.336968525896566], [-71.09307203819701, 42.33697246058918], [-71.09308853325051, 42.33697673684607], [-71.09310486110212, 42.33698135101903], [-71.09312101205623, 42.33698630127315], [-71.09313696916514, 42.336991581246565], [-71.0931527239527, 42.336997188208414], [-71.09316826188655, 42.3370031176059], [-71.09318357207488, 42.337009364899124], [-71.09319864241239, 42.33701592554389], [-71.09321346201884, 42.33702279319967], [-71.09322801756966, 42.337029964218324], [-71.09324230060564, 42.337037433168184], [-71.09325629661183, 42.33704519279573], [-71.09327573041526, 42.3370542356708], [-71.09329119918795, 42.33706054563077], [-71.09330689450405, 42.33706653678608], [-71.09332209837291, 42.337071960816715], [-71.09332917532873, 42.33707346953321], [-71.09333610327172, 42.33707531803299], [-71.09334285188346, 42.33707750350787], [-71.09334939212822, 42.337080012350796], [-71.0933556949354, 42.33708283635641], [-71.09336173370215, 42.3370859610259], [-71.0933674830213, 42.33708937456563], [-71.09337291386299, 42.337093062468306], [-71.09337800814123, 42.337097006664166], [-71.09338274047221, 42.33710119175845], [-71.09338709034309, 42.3371055996728], [-71.09339103968516, 42.33711020963663], [-71.09339149226568, 42.337110782923354], [-71.09339467782134, 42.337114717666836], [-71.09339743875846, 42.33711882646559], [-71.093399757049, 42.337123082247125], [-71.0934016195069, 42.33712745975664], [-71.09340301295208, 42.337131932839], [-71.09340392907535, 42.3371364726555], [-71.09340436441566, 42.33714105128479], [-71.09340431429266, 42.33714564170159], [-71.09340377889126, 42.33715021509712], [-71.09340276203694, 42.33715474267555], [-71.09340127117792, 42.3371591983547], [-71.09339931377984, 42.33716355335161], [-71.09339690214487, 42.337167781601245], [-71.09339405222681, 42.33717185525091], [-71.09339077995092, 42.33717575094931], [-71.09338811088487, 42.337178495505704], [-71.09338181330473, 42.33718826481897], [-71.09337508233418, 42.33719787324719], [-71.09336792411541, 42.33720730910813], [-71.09336034598098, 42.33721656432506], [-71.09335235892134, 42.33722562813326], [-71.09334396907865, 42.33723448885055], [-71.09333518621251, 42.337243138408745], [-71.09332602252674, 42.33725156604737], [-71.09331648414627, 42.337259762785116], [-71.09330664056716, 42.337267677551004], [-71.09329270149918, 42.3372806932926], [-71.09327914446213, 42.337293930055516], [-71.09326597799637, 42.33730738066773], [-71.09325320699062, 42.337321039744936], [-71.09324083754689, 42.337334901907056], [-71.09322887578469, 42.33734895907328], [-71.09321732659261, 42.33736320585925], [-71.09320619609595, 42.33737763328384], [-71.09319549038537, 42.33739223776751], [-71.09318521437844, 42.33740700942461], [-71.09317537053131, 42.33742194376246], [-71.09316596496332, 42.33743703270016], [-71.09315700257504, 42.33745226905285], [-71.0931484858398, 42.33746764562703], [-71.0931404220791, 42.337483156146654], [-71.0931328113511, 42.337498791609086], [-71.0931256597581, 42.33751454663425], [-71.0931189697852, 42.33753041222814], [-71.09311274390001, 42.33754638209743], [-71.0931069870089, 42.337562448157], [-71.0931017003776, 42.3375786023087], [-71.09309688404126, 42.33759483915101], [-71.09309254656391, 42.33761114791076], [-71.09308868434013, 42.33762752317349], [-71.09308529984942, 42.337643956845405], [-71.09305745513075, 42.33771362468775], [-71.09302389288831, 42.33775321960557], [-71.09298862230713, 42.3377595642497], [-71.09297811211228, 42.33776997764074], [-71.0929672174313, 42.33778017269899], [-71.09295594682187, 42.337790139551416], [-71.09294430882454, 42.33779987102575], [-71.09293231319326, 42.33780935995414], [-71.09291996604725, 42.33781859825547], [-71.09290728076947, 42.337827580575315], [-71.09289426591181, 42.337836297940854], [-71.09288092878414, 42.33784474587642], [-71.09286728400002, 42.33785291633103], [-71.09285333767308, 42.33786080212386], [-71.0928391031747, 42.337868399701016], [-71.09284003989775, 42.337878786096375], [-71.09282444317328, 42.33788498249306], [-71.09280862279945, 42.337890858491534], [-71.09279259093418, 42.3378964105336], [-71.09277635973542, 42.337901635061066], [-71.09275994137263, 42.33790652671517], [-71.09274334921729, 42.33791108194206], [-71.0927265929946, 42.33791529807523], [-71.09270968971639, 42.33791917157371], [-71.09269264789457, 42.337922699766644], [-71.09267548210809, 42.33792588000487], [-71.09265820450923, 42.33792870963041], [-71.09264083089069, 42.337931185998315], [-71.09262337096031, 42.33793330914295], [-71.09260583808951, 42.33793507551047], [-71.09258080140683, 42.33793697193474], [-71.09258010535557, 42.33792445629715], [-71.09256448616613, 42.337924712446465], [-71.09254886444137, 42.33792460846755], [-71.09253325352957, 42.33792414440766], [-71.09251767162715, 42.337923321231614], [-71.09250212966111, 42.33792213807782], [-71.09248664459702, 42.33792059860767], [-71.09247123342932, 42.33791870198104], [-71.09245590826379, 42.33791645274243], [-71.09244068367373, 42.3379138491429], [-71.09242557660735, 42.33791089754461], [-71.0924106004069, 42.33790759889523], [-71.09239576840325, 42.337903955942934], [-71.09238109755614, 42.337899973249385], [-71.09236659875768, 42.33789565535469], [-71.09235099883558, 42.33788990748988]]"
38,West Village B,Residence Facility,7,2000,171,8364.827202,1286,"[-71.09209391140338, 42.33756299188695]","[[-71.09205692510857, 42.3373813746442], [-71.09207750915867, 42.33734863560213], [-71.09229777691813, 42.3373713399767], [-71.09219144395165, 42.33755096742642], [-71.0921902278508, 42.33755740020754], [-71.09218949445315, 42.337563873413515], [-71.09218924631907, 42.33757036634663], [-71.09218948236301, 42.33757685919663], [-71.09219020270699, 42.33758333305781], [-71.09219140627103, 42.33758976721956], [-71.09219308954259, 42.33759614186294], [-71.09219524415532, 42.33760243715188], [-71.09219786658497, 42.3376086350679], [-71.0922009484711, 42.33761471487464], [-71.09220447900867, 42.33762065852787], [-71.09220844617353, 42.33762644887929], [-71.0922128428069, 42.33763206699739], [-71.0922176508173, 42.33763749571227], [-71.09222285696711, 42.33764271787148], [-71.09222844436667, 42.33764771811], [-71.09223439733975, 42.33765248106723], [-71.0922406977774, 42.33765699227419], [-71.09224732393027, 42.33766123724898], [-71.09225425767204, 42.33766520422346], [-71.09226147724758, 42.33766887961607], [-71.0922689608901, 42.3376722516457], [-71.09227668316916, 42.33767531211948], [-71.0922783272081, 42.33767591214328], [-71.09236475952002, 42.33770231362709], [-71.09227190948286, 42.337847243039555], [-71.0917879036247, 42.337679226995704], [-71.09182901447546, 42.337614040498295], [-71.09184234348963, 42.33760761741418], [-71.09185540260438, 42.33760089627363], [-71.09186817965617, 42.337593881535035], [-71.0918806600311, 42.3375865812493], [-71.09189283519434, 42.33757900168823], [-71.09190469418427, 42.33757114911505], [-71.0919162223872, 42.337563031580665], [-71.09192741247006, 42.33755465716177], [-71.09193825104433, 42.33754603211296], [-71.0919487307596, 42.33753716721179], [-71.09195884187362, 42.33752806782552], [-71.09196857218807, 42.33751874381417], [-71.09197791436414, 42.33750920415477], [-71.09198685985568, 42.33749945691965], [-71.0919954013182, 42.33748951198611], [-71.09200352777263, 42.33747937831817], [-71.09201123309401, 42.33746906489719], [-71.09201851235896, 42.33745858250916], [-71.09202535459434, 42.33744793921799], [-71.0920317560903, 42.337437145814036], [-71.09203771192946, 42.337426212183146], [-71.09204321354251, 42.33741514999881], [-71.09204825845028, 42.337403967354916], [-71.09205283929708, 42.33739267592926], [-71.09205692510857, 42.3373813746442]]"
39,West Village C,Residence Facility,7,2000,183,8599.869937,1298,"[-71.09247500869446, 42.33698946934017]","[[-71.09218916596542, 42.33716405571665], [-71.09224699685822, 42.33707488784771], [-71.0922730132264, 42.33708417571111], [-71.09228249715461, 42.3370727702216], [-71.09229156483354, 42.33706118049567], [-71.09230021014979, 42.337049413713984], [-71.09230842576478, 42.337037478853674], [-71.09231620676704, 42.33702538490025], [-71.09232354582386, 42.33701313993045], [-71.09233043923712, 42.33700075293421], [-71.09233688209535, 42.33698823289707], [-71.09234286826769, 42.336975589700614], [-71.09234839528128, 42.33696283053852], [-71.0923534582128, 42.336949966196855], [-71.09235805335857, 42.33693700656581], [-71.09236217702635, 42.336923959734996], [-71.0923658279449, 42.33691083470284], [-71.09236900119704, 42.33689764135522], [-71.09237169550003, 42.336884390491115], [-71.09237390958262, 42.33687109110895], [-71.092375640972, 42.336857750402416], [-71.092376888368, 42.336844381871224], [-71.09237765051098, 42.336830992713324], [-71.09237792855106, 42.33681759283603], [-71.09237772120547, 42.336804193038304], [-71.09237702842232, 42.33679080142259], [-71.0923528038084, 42.336779728351644], [-71.09239155725821, 42.336715624440885], [-71.09287645754759, 42.336893853190766], [-71.092852084482, 42.33693035298704], [-71.09284101957954, 42.336926285889284], [-71.09277491153978, 42.33703956789703], [-71.09267421776796, 42.337007372317785], [-71.09266635968889, 42.33700543585492], [-71.09265836226638, 42.337003844610365], [-71.09265025459982, 42.33700260228834], [-71.09264206091711, 42.33700171527675], [-71.09263381153681, 42.33700118638384], [-71.09262553436209, 42.337001016608774], [-71.09261725851525, 42.33700120605474], [-71.0926090118996, 42.33700175572097], [-71.09260082244128, 42.33700266300545], [-71.09259271928603, 42.33700392441041], [-71.09258472915825, 42.33700553552906], [-71.09257687999589, 42.33700749195893], [-71.09256919854678, 42.33700978569228], [-71.0925617127661, 42.33701240962579], [-71.09255444455952, 42.337015353933964], [-71.09254742189985, 42.33701860881276], [-71.09254067033876, 42.337022163549214], [-71.09253421058006, 42.337026006513], [-71.09252806456412, 42.337030122476946], [-71.09252225300047, 42.337034498910356], [-71.09251679782396, 42.33703912148634], [-71.09251171735788, 42.337043971363784], [-71.09250702989067, 42.337049035103135], [-71.09250274768452, 42.337054292941424], [-71.09249889025864, 42.33705972874267], [-71.09249546744836, 42.337065322735285], [-71.09249249272911, 42.33707105516065], [-71.09248997471103, 42.33707690804346], [-71.0924879244601, 42.33708285891562], [-71.09248663412473, 42.337087634898026], [-71.09241069749974, 42.33719091381144], [-71.09218916596542, 42.33716405571665]]"
40,West Village E,Residence Facility,9,2002,246,11536.23188,1500,"[-71.09169219348765, 42.336541568393606]","[[-71.09205101809228, 42.3367622383312], [-71.0916323277811, 42.3365986189688], [-71.0916473946916, 42.33657727521839], [-71.09160963922378, 42.33656165696304], [-71.09159138128138, 42.336585951337334], [-71.0914128954987, 42.336516129601954], [-71.09139021669968, 42.33654514827674], [-71.09122027175097, 42.33647830235559], [-71.09123437046964, 42.33646014675531], [-71.09120682339588, 42.336448751026495], [-71.09123093575515, 42.33629060842044], [-71.09137920752245, 42.336348871328305], [-71.09137045702889, 42.33636112922902], [-71.09143255696137, 42.33638553181646], [-71.09144433937634, 42.33636902719901], [-71.09159529494741, 42.33642834460381], [-71.09158750451, 42.33643925819229], [-71.09166938475849, 42.336471432026855], [-71.09168016058152, 42.336456335470295], [-71.09194527938746, 42.33656051160553], [-71.09193855678838, 42.33656992731841], [-71.09201486715122, 42.33659991322872], [-71.09202948789763, 42.336579430326196], [-71.09212833826167, 42.33661827310329], [-71.092116431083, 42.336634952003685], [-71.0922595566607, 42.33669119055508], [-71.09216129417656, 42.336828843446504], [-71.09204260131615, 42.336775446374865], [-71.09205101809228, 42.3367622383312]]"
41,West Village F,Residence Facility/Academic,9,2006,186,11934.2252,1248,"[-71.0914543703325, 42.337513923964934]","[[-71.0918425603407, 42.33740916231707], [-71.09180913448178, 42.33745116609225], [-71.09180989418802, 42.33745123654884], [-71.09175989583656, 42.3375390086439], [-71.09168770013717, 42.33753447946838], [-71.09168889780878, 42.337553667165544], [-71.09170516961606, 42.33755211703126], [-71.09171522112769, 42.33758367108584], [-71.09168759145957, 42.33758799610025], [-71.09166006509803, 42.337592671688945], [-71.09163265053098, 42.337597698782446], [-71.09160535749467, 42.33760307291391], [-71.09157819325189, 42.33760879681014], [-71.09155116512362, 42.33761486419521], [-71.09152428159786, 42.33762127599958], [-71.09149754997219, 42.337628029548526], [-71.09147097874646, 42.33763512397193], [-71.09144457765093, 42.33764255570341], [-71.09141835155657, 42.33765032205949], [-71.09139230896297, 42.33765842217018], [-71.09136645838142, 42.337666853365], [-71.09134080468274, 42.33767561296048], [-71.0913153612322, 42.33768469830345], [-71.09129012926029, 42.33769410669748], [-71.09126511970523, 42.33770383548074], [-71.09124033987068, 42.33771388107817], [-71.09121579582954, 42.3377242426112], [-71.0911914961106, 42.33773491470858], [-71.09116744679244, 42.33774589559152], [-71.09114365518475, 42.33775718078461], [-71.09112012857966, 42.337768768513435], [-71.09109687429249, 42.33778065340239], [-71.09108590725234, 42.337786412282426], [-71.09107048672261, 42.337686261956826], [-71.09115640458802, 42.33764627581412], [-71.09112701114663, 42.33762551495889], [-71.09111374562258, 42.337581909802594], [-71.09108726815991, 42.33758970129779], [-71.09109525352562, 42.337491002663924], [-71.0911277137984, 42.337485400350204], [-71.09112353647926, 42.33746125583918], [-71.09116551839338, 42.337454225301954], [-71.09118083527662, 42.337474825357305], [-71.09120925058713, 42.33747004140782], [-71.09123777041451, 42.33746560803693], [-71.09126638382091, 42.3374615279065], [-71.0912950871605, 42.33745780190392], [-71.09132386950708, 42.33745443089044], [-71.09135272236094, 42.33745141573613], [-71.09138163964386, 42.33744875821994], [-71.09141061164867, 42.3374464583073], [-71.09141446848916, 42.337446200303305], [-71.09142580512135, 42.337377065772074], [-71.09142356454576, 42.337377064737545], [-71.09143023800026, 42.337298226382245], [-71.09146232840635, 42.337297453632445], [-71.09149442984071, 42.33729704012986], [-71.0915265362308, 42.33729698675313], [-71.09155864029668, 42.337297293476404], [-71.09159073475809, 42.337297960273816], [-71.09162281111571, 42.33729898801549], [-71.09165486332027, 42.33730037397906], [-71.09168688408009, 42.33730211993923], [-71.09171886491318, 42.33730422406531], [-71.09175079974692, 42.33730668723609], [-71.09178268009377, 42.33730950852115], [-71.09181449989856, 42.33731268609846], [-71.09184625186941, 42.337316221742775], [-71.09187792632272, 42.33732011181855], [-71.09189879237104, 42.3373228741645], [-71.09184481316521, 42.33740946628762], [-71.0918425603407, 42.33740916231707]]"
42,West Village G,Residence Facility/Academic,6,2004,300,12447.13861,2039,"[-71.09186631517031, 42.33826121839876]","[[-71.09146802224262, 42.33862898192367], [-71.09124195875309, 42.33855042281365], [-71.09166591177434, 42.33838400132517], [-71.09177908463843, 42.338317208968526], [-71.09186388245804, 42.33824341772875], [-71.0919100972408, 42.33826220073822], [-71.09193715041992, 42.33822556391338], [-71.09188704206353, 42.33820519878305], [-71.09193098234915, 42.33815366353749], [-71.09196935564694, 42.33807174073757], [-71.09172050112593, 42.33798482977311], [-71.09181098591795, 42.33784222326584], [-71.09209062716286, 42.337939887438395], [-71.09208129041357, 42.337954602009205], [-71.09210383838042, 42.3379624767458], [-71.09211317513144, 42.33794776127292], [-71.09218331443068, 42.337972256783054], [-71.0921665906527, 42.33809570143896], [-71.09211160792276, 42.33821989624732], [-71.09204061247132, 42.33833644743989], [-71.09202226166217, 42.33833029544161], [-71.09193145569547, 42.338439497396195], [-71.09191362996492, 42.33842813004751], [-71.09180090482398, 42.33852539813657], [-71.09177808897016, 42.33850785864773], [-71.09164685673967, 42.33859022314461], [-71.091619573473, 42.33856524754333], [-71.09146802224262, 42.33862898192367]]"
43,West Village H,Residence Facility/Academic,18,2004,223,16193.51542,1812,"[-71.09218775754884, 42.3385767599733]","[[-71.09223771299095, 42.338502502553254], [-71.09234371509734, 42.338238835184036], [-71.09239592269051, 42.33825038828845], [-71.09240941442877, 42.33821682908916], [-71.09258505468544, 42.33825569428204], [-71.09242444512797, 42.33865519172834], [-71.09226603819032, 42.338718555339945], [-71.0922968830804, 42.33876147364651], [-71.09194880920211, 42.338899159355414], [-71.09192418610183, 42.33886489774786], [-71.09196828803557, 42.33884745355298], [-71.09185184305964, 42.33868542506907], [-71.0919716418366, 42.3386380366512], [-71.0919546957143, 42.33861445455788], [-71.09223771299095, 42.338502502553254]]"
44,White,Residence Facility,6,1925,298,8303.418803,1371,"[-71.09111149903374, 42.340038349654016]","[[-71.09104225463635, 42.34027120547133], [-71.09102072220831, 42.34022645096139], [-71.09098870455092, 42.340236953312825], [-71.09091448894686, 42.34008244034554], [-71.09098816278824, 42.34006355684247], [-71.09101367230258, 42.340119884364114], [-71.09117584579928, 42.340104815862205], [-71.09124263500956, 42.33999711096072], [-71.09119918981818, 42.339926078258756], [-71.09116781572874, 42.33984563719222], [-71.09102869055647, 42.339800360931], [-71.09088818057079, 42.339857629203465], [-71.09091404354295, 42.33990768566959], [-71.0908353885554, 42.33992916494762], [-71.09076440657074, 42.33977876961306], [-71.09102155691357, 42.339674272981206], [-71.09143199367938, 42.33982150314472], [-71.09137688070489, 42.339907906422035], [-71.09133774445488, 42.339890455594116], [-71.09128257797104, 42.33990733084093], [-71.09130522977779, 42.339953897071325], [-71.09133380892588, 42.33995003377108], [-71.09135218854195, 42.339978095497784], [-71.0912041616398, 42.34021610987583], [-71.09112424717688, 42.34022080432057], [-71.09115938154571, 42.34028311606904], [-71.09114282791032, 42.340310143403414], [-71.09103680156935, 42.340337968872646], [-71.09100911397924, 42.3402799023486], [-71.09104225463635, 42.34027120547133]]"
45,Willis,Residence Facility,11,1979,223,10519.32367,1368,"[-71.09133306016989, 42.33800194258635]","[[-71.09118067748281, 42.33796132603206], [-71.09114615077952, 42.33791334187699], [-71.09161957352956, 42.33772583964972], [-71.09171242167137, 42.33785487710534], [-71.09139514854186, 42.33798053548259], [-71.0913687482477, 42.33794384564256], [-71.09130910947256, 42.337967466207296], [-71.09155950010683, 42.33831545045652], [-71.09138839097858, 42.33838321968501], [-71.09113555475425, 42.338031834964966], [-71.09118165170031, 42.3380135770977], [-71.09115217746034, 42.33797261338985], [-71.09118067748281, 42.33796132603206]]"
